,sample_id,experiment_id,yml_file,data_file
0,RxnA_20190329_1553910652,RxnA_20190329,RxnA_20190329_0_xrsd_system.yml,RxnA_20190329_0_dz_bgsub.dat
1,RxnA_20190329_1553941420,RxnA_20190329,RxnA_20190329_7_xrsd_system.yml,RxnA_20190329_7_dz_bgsub.dat
2,RxnA_20190329_1553957565,RxnA_20190329,RxnA_20190329_10_xrsd_system.yml,RxnA_20190329_10_dz_bgsub.dat
3,RxnA_20190329_1553946716,RxnA_20190329,RxnA_20190329_8_xrsd_system.yml,RxnA_20190329_8_dz_bgsub.dat
4,RxnA_20190329_1553935658,RxnA_20190329,RxnA_20190329_6_xrsd_system.yml,RxnA_20190329_6_dz_bgsub.dat
5,RxnA_20190329_1553951254,RxnA_20190329,RxnA_20190329_9_xrsd_system.yml,RxnA_20190329_9_dz_bgsub.dat
6,RxnA_20190329_1553964522,RxnA_20190329,RxnA_20190329_11_xrsd_system.yml,RxnA_20190329_11_dz_bgsub.dat
7,RxnA_20190329_1553914977,RxnA_20190329,RxnA_20190329_1_xrsd_system.yml,RxnA_20190329_1_dz_bgsub.dat
8,RxnA_20190329_1553927416,RxnA_20190329,RxnA_20190329_4_xrsd_system.yml,RxnA_20190329_4_dz_bgsub.dat
9,RxnA_20190329_1553975313,RxnA_20190329,RxnA_20190329_13_xrsd_system.yml,RxnA_20190329_13_dz_bgsub.dat
10,RxnA_20190329_1553980333,RxnA_20190329,RxnA_20190329_14_xrsd_system.yml,RxnA_20190329_14_dz_bgsub.dat
11,RxnA_20190329_1553924441,RxnA_20190329,RxnA_20190329_3_xrsd_system.yml,RxnA_20190329_3_dz_bgsub.dat
12,RxnA_20190329_1553983571,RxnA_20190329,RxnA_20190329_15_xrsd_system.yml,RxnA_20190329_15_dz_bgsub.dat
13,RxnA_20190329_1553920203,RxnA_20190329,RxnA_20190329_2_xrsd_system.yml,RxnA_20190329_2_dz_bgsub.dat
14,RxnA_20190329_1553931522,RxnA_20190329,RxnA_20190329_5_xrsd_system.yml,RxnA_20190329_5_dz_bgsub.dat
15,RxnA_20190329_1553970200,RxnA_20190329,RxnA_20190329_12_xrsd_system.yml,RxnA_20190329_12_dz_bgsub.dat
16,RxnD_201902_1549740122,RxnD_201902,RxnD_201902_21_xrsd_system.yml,RxnD_201902_21_dz_bgsub.dat
17,RxnD_201902_1549712274,RxnD_201902,RxnD_201902_13_xrsd_system.yml,RxnD_201902_13_dz_bgsub.dat
18,RxnD_201902_1549681391,RxnD_201902,RxnD_201902_2_xrsd_system.yml,RxnD_201902_2_dz_bgsub.dat
19,RxnD_201902_1549691763,RxnD_201902,RxnD_201902_5_xrsd_system.yml,RxnD_201902_5_dz_bgsub.dat
20,RxnD_201902_1549717440,RxnD_201902,RxnD_201902_14_xrsd_system.yml,RxnD_201902_14_dz_bgsub.dat
21,RxnD_201902_1549689467,RxnD_201902,RxnD_201902_4_xrsd_system.yml,RxnD_201902_4_dz_bgsub.dat
22,RxnD_201902_1549719495,RxnD_201902,RxnD_201902_15_xrsd_system.yml,RxnD_201902_15_dz_bgsub.dat
23,RxnD_201902_1549737146,RxnD_201902,RxnD_201902_20_xrsd_system.yml,RxnD_201902_20_dz_bgsub.dat
24,RxnD_201902_1549709342,RxnD_201902,RxnD_201902_12_xrsd_system.yml,RxnD_201902_12_dz_bgsub.dat
25,RxnD_201902_1549685209,RxnD_201902,RxnD_201902_3_xrsd_system.yml,RxnD_201902_3_dz_bgsub.dat
26,RxnD_201902_1549695299,RxnD_201902,RxnD_201902_6_xrsd_system.yml,RxnD_201902_6_dz_bgsub.dat
27,RxnD_201902_1549725342,RxnD_201902,RxnD_201902_17_xrsd_system.yml,RxnD_201902_17_dz_bgsub.dat
28,RxnD_201902_1549729495,RxnD_201902,RxnD_201902_18_xrsd_system.yml,RxnD_201902_18_dz_bgsub.dat
29,RxnD_201902_1549701593,RxnD_201902,RxnD_201902_9_xrsd_system.yml,RxnD_201902_9_dz_bgsub.dat
30,RxnD_201902_1549745752,RxnD_201902,RxnD_201902_22_xrsd_system.yml,RxnD_201902_22_dz_bgsub.dat
31,RxnD_201902_1549704818,RxnD_201902,RxnD_201902_10_xrsd_system.yml,RxnD_201902_10_dz_bgsub.dat
32,RxnD_201902_1549677642,RxnD_201902,RxnD_201902_1_xrsd_system.yml,RxnD_201902_1_dz_bgsub.dat
33,RxnD_201902_1549706466,RxnD_201902,RxnD_201902_11_xrsd_system.yml,RxnD_201902_11_dz_bgsub.dat
34,RxnD_201902_1549676394,RxnD_201902,RxnD_201902_0_xrsd_system.yml,RxnD_201902_0_dz_bgsub.dat
35,RxnD_201902_1549696659,RxnD_201902,RxnD_201902_7_xrsd_system.yml,RxnD_201902_7_dz_bgsub.dat
36,RxnD_201902_1549722477,RxnD_201902,RxnD_201902_16_xrsd_system.yml,RxnD_201902_16_dz_bgsub.dat
37,RxnD_201902_1549732501,RxnD_201902,RxnD_201902_19_xrsd_system.yml,RxnD_201902_19_dz_bgsub.dat
38,RxnD_201902_1549699693,RxnD_201902,RxnD_201902_8_xrsd_system.yml,RxnD_201902_8_dz_bgsub.dat
39,R6_20190417_1_1556055692,R6_20190417,R6_20190417_1_xrsd_system.yml,R6_20190417_1_dz_bgsub.dat
40,R6_20190417_6_1556074909,R6_20190417,R6_20190417_6_xrsd_system.yml,R6_20190417_6_dz_bgsub.dat
41,R6_20190417_9_1556088204,R6_20190417,R6_20190417_9_xrsd_system.yml,R6_20190417_9_dz_bgsub.dat
42,R6_20190417_7_1556080620,R6_20190417,R6_20190417_7_xrsd_system.yml,R6_20190417_7_dz_bgsub.dat
43,R6_20190417_8_1556086812,R6_20190417,R6_20190417_8_xrsd_system.yml,R6_20190417_8_dz_bgsub.dat
44,R6_20190417_0_1556054269,R6_20190417,R6_20190417_0_xrsd_system.yml,R6_20190417_0_dz_bgsub.dat
45,R6_20190417_5_1556069138,R6_20190417,R6_20190417_5_xrsd_system.yml,R6_20190417_5_dz_bgsub.dat
46,R6_20190417_2_1556059306,R6_20190417,R6_20190417_2_xrsd_system.yml,R6_20190417_2_dz_bgsub.dat
47,R6_20190417_10_1556094454,R6_20190417,R6_20190417_10_xrsd_system.yml,R6_20190417_10_dz_bgsub.dat
48,R6_20190417_3_1556061970,R6_20190417,R6_20190417_3_xrsd_system.yml,R6_20190417_3_dz_bgsub.dat
49,R6_20190417_4_1556065062,R6_20190417,R6_20190417_4_xrsd_system.yml,R6_20190417_4_dz_bgsub.dat
50,R7_20190417_0_1556126989,R7_20190417,R7_20190417_0_xrsd_system.yml,R7_20190417_0_dz_bgsub.dat
51,R7_20190417_1_1556128788,R7_20190417,R7_20190417_1_xrsd_system.yml,R7_20190417_1_dz_bgsub.dat
52,R7_20190417_4_1556140783,R7_20190417,R7_20190417_4_xrsd_system.yml,R7_20190417_4_dz_bgsub.dat
53,R7_20190417_3_1556135477,R7_20190417,R7_20190417_3_xrsd_system.yml,R7_20190417_3_dz_bgsub.dat
54,R7_20190417_2_1556132026,R7_20190417,R7_20190417_2_xrsd_system.yml,R7_20190417_2_dz_bgsub.dat
55,R7_20190417_5_1556146906,R7_20190417,R7_20190417_5_xrsd_system.yml,R7_20190417_5_dz_bgsub.dat
56,R1_201811_1541480597,R1_201811,randomized_goal10_xrsd_system.yml,randomized_goal10_dz_bgsub.dat
57,R1_201811_1541465229,R1_201811,randomized_goal1_xrsd_system.yml,randomized_goal1_dz_bgsub.dat
58,R1_201811_1541501080,R1_201811,randomized_goal22_xrsd_system.yml,randomized_goal22_dz_bgsub.dat
59,R1_201811_1541478886,R1_201811,randomized_goal9_xrsd_system.yml,randomized_goal9_dz_bgsub.dat
60,R1_201811_1541506155,R1_201811,randomized_goal25_xrsd_system.yml,randomized_goal25_dz_bgsub.dat
61,R1_201811_1541494234,R1_201811,randomized_goal18_xrsd_system.yml,randomized_goal18_dz_bgsub.dat
62,R1_201811_1541473812,R1_201811,randomized_goal6_xrsd_system.yml,randomized_goal6_dz_bgsub.dat
63,R1_201811_1541492523,R1_201811,randomized_goal17_xrsd_system.yml,randomized_goal17_dz_bgsub.dat
64,R1_201811_1541519777,R1_201811,randomized_goal33_xrsd_system.yml,randomized_goal33_dz_bgsub.dat
65,R1_201811_1541504473,R1_201811,randomized_goal24_xrsd_system.yml,randomized_goal24_dz_bgsub.dat
66,R1_201811_1541495916,R1_201811,randomized_goal19_xrsd_system.yml,randomized_goal19_dz_bgsub.dat
67,R1_201811_1541477202,R1_201811,randomized_goal8_xrsd_system.yml,randomized_goal8_dz_bgsub.dat
68,R1_201811_1541490839,R1_201811,randomized_goal16_xrsd_system.yml,randomized_goal16_dz_bgsub.dat
69,R1_201811_1541475495,R1_201811,randomized_goal7_xrsd_system.yml,randomized_goal7_dz_bgsub.dat
70,R1_201811_1541518092,R1_201811,randomized_goal32_xrsd_system.yml,randomized_goal32_dz_bgsub.dat
71,R1_201811_1541463535,R1_201811,randomized_goal0_xrsd_system.yml,randomized_goal0_dz_bgsub.dat
72,R1_201811_1541482311,R1_201811,randomized_goal11_xrsd_system.yml,randomized_goal11_dz_bgsub.dat
73,R1_201811_1541502764,R1_201811,randomized_goal23_xrsd_system.yml,randomized_goal23_dz_bgsub.dat
74,R1_201811_1541507869,R1_201811,randomized_goal26_xrsd_system.yml,randomized_goal26_dz_bgsub.dat
75,R1_201811_1541514684,R1_201811,randomized_goal30_xrsd_system.yml,randomized_goal30_dz_bgsub.dat
76,R1_201811_1541512972,R1_201811,randomized_goal29_xrsd_system.yml,randomized_goal29_dz_bgsub.dat
77,R1_201811_1541487419,R1_201811,randomized_goal14_xrsd_system.yml,randomized_goal14_dz_bgsub.dat
78,R1_201811_1541472103,R1_201811,randomized_goal5_xrsd_system.yml,randomized_goal5_dz_bgsub.dat
79,R1_201811_1541466983,R1_201811,randomized_goal2_xrsd_system.yml,randomized_goal2_dz_bgsub.dat
80,R1_201811_1541485712,R1_201811,randomized_goal13_xrsd_system.yml,randomized_goal13_dz_bgsub.dat
81,R1_201811_1541499320,R1_201811,randomized_goal21_xrsd_system.yml,randomized_goal21_dz_bgsub.dat
82,R1_201811_1541484017,R1_201811,randomized_goal12_xrsd_system.yml,randomized_goal12_dz_bgsub.dat
83,R1_201811_1541468675,R1_201811,randomized_goal3_xrsd_system.yml,randomized_goal3_dz_bgsub.dat
84,R1_201811_1541497627,R1_201811,randomized_goal20_xrsd_system.yml,randomized_goal20_dz_bgsub.dat
85,R1_201811_1541509565,R1_201811,randomized_goal27_xrsd_system.yml,randomized_goal27_dz_bgsub.dat
86,R1_201811_1541516380,R1_201811,randomized_goal31_xrsd_system.yml,randomized_goal31_dz_bgsub.dat
87,R1_201811_1541470422,R1_201811,randomized_goal4_xrsd_system.yml,randomized_goal4_dz_bgsub.dat
88,R1_201811_1541511275,R1_201811,randomized_goal28_xrsd_system.yml,randomized_goal28_dz_bgsub.dat
89,R1_201811_1541489126,R1_201811,randomized_goal15_xrsd_system.yml,randomized_goal15_dz_bgsub.dat
90,RxnB_201902_1549510854,RxnB_201902,RxnB_201902_0_xrsd_system.yml,RxnB_201902_0_dz_bgsub.dat
91,RxnB_201902_1549543553,RxnB_201902,RxnB_201902_11_xrsd_system.yml,RxnB_201902_11_dz_bgsub.dat
92,RxnB_201902_1549533717,RxnB_201902,RxnB_201902_8_xrsd_system.yml,RxnB_201902_8_dz_bgsub.dat
93,RxnB_201902_1549554974,RxnB_201902,RxnB_201902_16_xrsd_system.yml,RxnB_201902_16_dz_bgsub.dat
94,RxnB_201902_1549563823,RxnB_201902,RxnB_201902_19_xrsd_system.yml,RxnB_201902_19_dz_bgsub.dat
95,RxnB_201902_1549530999,RxnB_201902,RxnB_201902_7_xrsd_system.yml,RxnB_201902_7_dz_bgsub.dat
96,RxnB_201902_1549538559,RxnB_201902,RxnB_201902_9_xrsd_system.yml,RxnB_201902_9_dz_bgsub.dat
97,RxnB_201902_1549556123,RxnB_201902,RxnB_201902_17_xrsd_system.yml,RxnB_201902_17_dz_bgsub.dat
98,RxnB_201902_1549558912,RxnB_201902,RxnB_201902_18_xrsd_system.yml,RxnB_201902_18_dz_bgsub.dat
99,RxnB_201902_1549529862,RxnB_201902,RxnB_201902_6_xrsd_system.yml,RxnB_201902_6_dz_bgsub.dat
100,RxnB_201902_1549512034,RxnB_201902,RxnB_201902_1_xrsd_system.yml,RxnB_201902_1_dz_bgsub.dat
101,RxnB_201902_1549542392,RxnB_201902,RxnB_201902_10_xrsd_system.yml,RxnB_201902_10_dz_bgsub.dat
102,RxnB_201902_1549552495,RxnB_201902,RxnB_201902_15_xrsd_system.yml,RxnB_201902_15_dz_bgsub.dat
103,RxnB_201902_1549522353,RxnB_201902,RxnB_201902_4_xrsd_system.yml,RxnB_201902_4_dz_bgsub.dat
104,RxnB_201902_1549519773,RxnB_201902,RxnB_201902_3_xrsd_system.yml,RxnB_201902_3_dz_bgsub.dat
105,RxnB_201902_1549546027,RxnB_201902,RxnB_201902_12_xrsd_system.yml,RxnB_201902_12_dz_bgsub.dat
106,RxnB_201902_1549515274,RxnB_201902,RxnB_201902_2_xrsd_system.yml,RxnB_201902_2_dz_bgsub.dat
107,RxnB_201902_1549547681,RxnB_201902,RxnB_201902_13_xrsd_system.yml,RxnB_201902_13_dz_bgsub.dat
108,RxnB_201902_1549550118,RxnB_201902,RxnB_201902_14_xrsd_system.yml,RxnB_201902_14_dz_bgsub.dat
109,RxnB_201902_1549527270,RxnB_201902,RxnB_201902_5_xrsd_system.yml,RxnB_201902_5_dz_bgsub.dat
110,R2_20190424_3_1556271437,R2_20190424,R2_20190424_3_xrsd_system.yml,R2_20190424_3_dz_bgsub.dat
111,R2_20190424_4_1556275631,R2_20190424,R2_20190424_4_xrsd_system.yml,R2_20190424_4_dz_bgsub.dat
112,R2_20190424_5_1556278596,R2_20190424,R2_20190424_5_xrsd_system.yml,R2_20190424_5_dz_bgsub.dat
113,R2_20190424_2_1556267826,R2_20190424,R2_20190424_2_xrsd_system.yml,R2_20190424_2_dz_bgsub.dat
114,R2_20190424_7_1556289966,R2_20190424,R2_20190424_7_xrsd_system.yml,R2_20190424_7_dz_bgsub.dat
115,R2_20190424_8_1556295257,R2_20190424,R2_20190424_8_xrsd_system.yml,R2_20190424_8_dz_bgsub.dat
116,R2_20190424_0_1556263468,R2_20190424,R2_20190424_0_xrsd_system.yml,R2_20190424_0_dz_bgsub.dat
117,R2_20190424_1_1556265593,R2_20190424,R2_20190424_1_xrsd_system.yml,R2_20190424_1_dz_bgsub.dat
118,R2_20190424_6_1556284387,R2_20190424,R2_20190424_6_xrsd_system.yml,R2_20190424_6_dz_bgsub.dat
119,RxnB_201903_1552150948,RxnB_201903,RxnB_201903_8_xrsd_system.yml,RxnB_201903_8_dz_bgsub.dat
120,RxnB_201903_1552180524,RxnB_201903,RxnB_201903_14_xrsd_system.yml,RxnB_201903_14_dz_bgsub.dat
121,RxnB_201903_1552238958,RxnB_201903,RxnB_201903_26_xrsd_system.yml,RxnB_201903_26_dz_bgsub.dat
122,RxnB_201903_1552143019,RxnB_201903,RxnB_201903_7_xrsd_system.yml,RxnB_201903_7_dz_bgsub.dat
123,RxnB_201903_1552105633,RxnB_201903,RxnB_201903_0_xrsd_system.yml,RxnB_201903_0_dz_bgsub.dat
124,RxnB_201903_1552212348,RxnB_201903,RxnB_201903_21_xrsd_system.yml,RxnB_201903_21_dz_bgsub.dat
125,RxnB_201903_1552172709,RxnB_201903,RxnB_201903_13_xrsd_system.yml,RxnB_201903_13_dz_bgsub.dat
126,RxnB_201903_1552108422,RxnB_201903,RxnB_201903_1_xrsd_system.yml,RxnB_201903_1_dz_bgsub.dat
127,RxnB_201903_1552210330,RxnB_201903,RxnB_201903_20_xrsd_system.yml,RxnB_201903_20_dz_bgsub.dat
128,RxnB_201903_1552170336,RxnB_201903,RxnB_201903_12_xrsd_system.yml,RxnB_201903_12_dz_bgsub.dat
129,RxnB_201903_1552153585,RxnB_201903,RxnB_201903_9_xrsd_system.yml,RxnB_201903_9_dz_bgsub.dat
130,RxnB_201903_1552183120,RxnB_201903,RxnB_201903_15_xrsd_system.yml,RxnB_201903_15_dz_bgsub.dat
131,RxnB_201903_1552139810,RxnB_201903,RxnB_201903_6_xrsd_system.yml,RxnB_201903_6_dz_bgsub.dat
132,RxnB_201903_1552219492,RxnB_201903,RxnB_201903_22_xrsd_system.yml,RxnB_201903_22_dz_bgsub.dat
133,RxnB_201903_1552121120,RxnB_201903,RxnB_201903_3_xrsd_system.yml,RxnB_201903_3_dz_bgsub.dat
134,RxnB_201903_1552160304,RxnB_201903,RxnB_201903_10_xrsd_system.yml,RxnB_201903_10_dz_bgsub.dat
135,RxnB_201903_1552194157,RxnB_201903,RxnB_201903_17_xrsd_system.yml,RxnB_201903_17_dz_bgsub.dat
136,RxnB_201903_1552129560,RxnB_201903,RxnB_201903_4_xrsd_system.yml,RxnB_201903_4_dz_bgsub.dat
137,RxnB_201903_1552231339,RxnB_201903,RxnB_201903_25_xrsd_system.yml,RxnB_201903_25_dz_bgsub.dat
138,RxnB_201903_1552201133,RxnB_201903,RxnB_201903_18_xrsd_system.yml,RxnB_201903_18_dz_bgsub.dat
139,RxnB_201903_1552190847,RxnB_201903,RxnB_201903_16_xrsd_system.yml,RxnB_201903_16_dz_bgsub.dat
140,RxnB_201903_1552132480,RxnB_201903,RxnB_201903_5_xrsd_system.yml,RxnB_201903_5_dz_bgsub.dat
141,RxnB_201903_1552229339,RxnB_201903,RxnB_201903_24_xrsd_system.yml,RxnB_201903_24_dz_bgsub.dat
142,RxnB_201903_1552203940,RxnB_201903,RxnB_201903_19_xrsd_system.yml,RxnB_201903_19_dz_bgsub.dat
143,RxnB_201903_1552222136,RxnB_201903,RxnB_201903_23_xrsd_system.yml,RxnB_201903_23_dz_bgsub.dat
144,RxnB_201903_1552117162,RxnB_201903,RxnB_201903_2_xrsd_system.yml,RxnB_201903_2_dz_bgsub.dat
145,RxnB_201903_1552162971,RxnB_201903,RxnB_201903_11_xrsd_system.yml,RxnB_201903_11_dz_bgsub.dat
146,R5_20190417_1555880344,R5_20190417,R5_20190417_2_xrsd_system.yml,R5_20190417_2_dz_bgsub.dat
147,R5_20190417_1555972808,R5_20190417,R5_20190417_5_xrsd_system.yml,R5_20190417_5_dz_bgsub.dat
148,R5_20190417_1556030524,R5_20190417,R5_20190417_10_xrsd_system.yml,R5_20190417_10_dz_bgsub.dat
149,R5_20190417_1555968926,R5_20190417,R5_20190417_4_xrsd_system.yml,R5_20190417_4_dz_bgsub.dat
150,R5_20190417_1555882718,R5_20190417,R5_20190417_3_xrsd_system.yml,R5_20190417_3_dz_bgsub.dat
151,R5_20190417_1555978190,R5_20190417,R5_20190417_6_xrsd_system.yml,R5_20190417_6_dz_bgsub.dat
152,R5_20190417_1555994774,R5_20190417,R5_20190417_9_xrsd_system.yml,R5_20190417_9_dz_bgsub.dat
153,R5_20190417_1555878455,R5_20190417,R5_20190417_1_xrsd_system.yml,R5_20190417_1_dz_bgsub.dat
154,R5_20190417_1555876280,R5_20190417,R5_20190417_0_xrsd_system.yml,R5_20190417_0_dz_bgsub.dat
155,R5_20190417_1555983613,R5_20190417,R5_20190417_7_xrsd_system.yml,R5_20190417_7_dz_bgsub.dat
156,R5_20190417_1555989107,R5_20190417,R5_20190417_8_xrsd_system.yml,R5_20190417_8_dz_bgsub.dat
157,R4_20190417_1555788973,R4_20190417,R4_20190417_3_xrsd_system.yml,R4_20190417_3_dz_bgsub.dat
158,R4_20190417_1555830093,R4_20190417,R4_20190417_4_xrsd_system.yml,R4_20190417_4_dz_bgsub.dat
159,R4_20190417_1555835064,R4_20190417,R4_20190417_5_xrsd_system.yml,R4_20190417_5_dz_bgsub.dat
160,R4_20190417_1555964282,R4_20190417,R4_20190417_10_xrsd_system.yml,R4_20190417_10_dz_bgsub.dat
161,R4_20190417_1555787305,R4_20190417,R4_20190417_2_xrsd_system.yml,R4_20190417_2_dz_bgsub.dat
162,R4_20190417_1555845971,R4_20190417,R4_20190417_7_xrsd_system.yml,R4_20190417_7_dz_bgsub.dat
163,R4_20190417_1555851373,R4_20190417,R4_20190417_8_xrsd_system.yml,R4_20190417_8_dz_bgsub.dat
164,R4_20190417_1555784916,R4_20190417,R4_20190417_0_xrsd_system.yml,R4_20190417_0_dz_bgsub.dat
165,R4_20190417_1555786107,R4_20190417,R4_20190417_1_xrsd_system.yml,R4_20190417_1_dz_bgsub.dat
166,R4_20190417_1555840481,R4_20190417,R4_20190417_6_xrsd_system.yml,R4_20190417_6_dz_bgsub.dat
167,R4_20190417_1555856926,R4_20190417,R4_20190417_9_xrsd_system.yml,R4_20190417_9_dz_bgsub.dat
168,RxnE_201902_1549843586,RxnE_201902,RxnE_201902_19_xrsd_system.yml,RxnE_201902_19_dz_bgsub.dat
169,RxnE_201902_1549877483,RxnE_201902,RxnE_201902_24_xrsd_system.yml,RxnE_201902_24_dz_bgsub.dat
170,RxnE_201902_1549831114,RxnE_201902,RxnE_201902_16_xrsd_system.yml,RxnE_201902_16_dz_bgsub.dat
171,RxnE_201902_1549770506,RxnE_201902,RxnE_201902_3_xrsd_system.yml,RxnE_201902_3_dz_bgsub.dat
172,RxnE_201902_1549776936,RxnE_201902,RxnE_201902_4_xrsd_system.yml,RxnE_201902_4_dz_bgsub.dat
173,RxnE_201902_1549807638,RxnE_201902,RxnE_201902_11_xrsd_system.yml,RxnE_201902_11_dz_bgsub.dat
174,RxnE_201902_1549869835,RxnE_201902,RxnE_201902_23_xrsd_system.yml,RxnE_201902_23_dz_bgsub.dat
175,RxnE_201902_1549802310,RxnE_201902,RxnE_201902_10_xrsd_system.yml,RxnE_201902_10_dz_bgsub.dat
176,RxnE_201902_1549780388,RxnE_201902,RxnE_201902_5_xrsd_system.yml,RxnE_201902_5_dz_bgsub.dat
177,RxnE_201902_1549865560,RxnE_201902,RxnE_201902_22_xrsd_system.yml,RxnE_201902_22_dz_bgsub.dat
178,RxnE_201902_1549839615,RxnE_201902,RxnE_201902_18_xrsd_system.yml,RxnE_201902_18_dz_bgsub.dat
179,RxnE_201902_1549881266,RxnE_201902,RxnE_201902_25_xrsd_system.yml,RxnE_201902_25_dz_bgsub.dat
180,RxnE_201902_1549768788,RxnE_201902,RxnE_201902_2_xrsd_system.yml,RxnE_201902_2_dz_bgsub.dat
181,RxnE_201902_1549832975,RxnE_201902,RxnE_201902_17_xrsd_system.yml,RxnE_201902_17_dz_bgsub.dat
182,RxnE_201902_1549814628,RxnE_201902,RxnE_201902_12_xrsd_system.yml,RxnE_201902_12_dz_bgsub.dat
183,RxnE_201902_1549787700,RxnE_201902,RxnE_201902_7_xrsd_system.yml,RxnE_201902_7_dz_bgsub.dat
184,RxnE_201902_1549852010,RxnE_201902,RxnE_201902_20_xrsd_system.yml,RxnE_201902_20_dz_bgsub.dat
185,RxnE_201902_1549793215,RxnE_201902,RxnE_201902_8_xrsd_system.yml,RxnE_201902_8_dz_bgsub.dat
186,RxnE_201902_1549890681,RxnE_201902,RxnE_201902_27_xrsd_system.yml,RxnE_201902_27_dz_bgsub.dat
187,RxnE_201902_1549763321,RxnE_201902,RxnE_201902_0_xrsd_system.yml,RxnE_201902_0_dz_bgsub.dat
188,RxnE_201902_1549824624,RxnE_201902,RxnE_201902_15_xrsd_system.yml,RxnE_201902_15_dz_bgsub.dat
189,RxnE_201902_1549888740,RxnE_201902,RxnE_201902_26_xrsd_system.yml,RxnE_201902_26_dz_bgsub.dat
190,RxnE_201902_1549821595,RxnE_201902,RxnE_201902_14_xrsd_system.yml,RxnE_201902_14_dz_bgsub.dat
191,RxnE_201902_1549765194,RxnE_201902,RxnE_201902_1_xrsd_system.yml,RxnE_201902_1_dz_bgsub.dat
192,RxnE_201902_1549785719,RxnE_201902,RxnE_201902_6_xrsd_system.yml,RxnE_201902_6_dz_bgsub.dat
193,RxnE_201902_1549816619,RxnE_201902,RxnE_201902_13_xrsd_system.yml,RxnE_201902_13_dz_bgsub.dat
194,RxnE_201902_1549795188,RxnE_201902,RxnE_201902_9_xrsd_system.yml,RxnE_201902_9_dz_bgsub.dat
195,RxnE_201902_1549857605,RxnE_201902,RxnE_201902_21_xrsd_system.yml,RxnE_201902_21_dz_bgsub.dat
196,RxnB_20190329_1554054259,RxnB_20190329,RxnB_20190329_12_xrsd_system.yml,RxnB_20190329_12_dz_bgsub.dat
197,RxnB_20190329_1554014393,RxnB_20190329,RxnB_20190329_3_xrsd_system.yml,RxnB_20190329_3_dz_bgsub.dat
198,RxnB_20190329_1554087010,RxnB_20190329,RxnB_20190329_20_xrsd_system.yml,RxnB_20190329_20_dz_bgsub.dat
199,RxnB_20190329_1554115566,RxnB_20190329,RxnB_20190329_27_xrsd_system.yml,RxnB_20190329_27_dz_bgsub.dat
200,RxnB_20190329_1554018753,RxnB_20190329,RxnB_20190329_4_xrsd_system.yml,RxnB_20190329_4_dz_bgsub.dat
201,RxnB_20190329_1554066952,RxnB_20190329,RxnB_20190329_15_xrsd_system.yml,RxnB_20190329_15_dz_bgsub.dat
202,RxnB_20190329_1554119377,RxnB_20190329,RxnB_20190329_28_xrsd_system.yml,RxnB_20190329_28_dz_bgsub.dat
203,RxnB_20190329_1554111327,RxnB_20190329,RxnB_20190329_26_xrsd_system.yml,RxnB_20190329_26_dz_bgsub.dat
204,RxnB_20190329_1554022504,RxnB_20190329,RxnB_20190329_5_xrsd_system.yml,RxnB_20190329_5_dz_bgsub.dat
205,RxnB_20190329_1554128931,RxnB_20190329,RxnB_20190329_30_xrsd_system.yml,RxnB_20190329_30_dz_bgsub.dat
206,RxnB_20190329_1554061928,RxnB_20190329,RxnB_20190329_14_xrsd_system.yml,RxnB_20190329_14_dz_bgsub.dat
207,RxnB_20190329_1554124920,RxnB_20190329,RxnB_20190329_29_xrsd_system.yml,RxnB_20190329_29_dz_bgsub.dat
208,RxnB_20190329_1554057588,RxnB_20190329,RxnB_20190329_13_xrsd_system.yml,RxnB_20190329_13_dz_bgsub.dat
209,RxnB_20190329_1554011062,RxnB_20190329,RxnB_20190329_2_xrsd_system.yml,RxnB_20190329_2_dz_bgsub.dat
210,RxnB_20190329_1554089770,RxnB_20190329,RxnB_20190329_21_xrsd_system.yml,RxnB_20190329_21_dz_bgsub.dat
211,RxnB_20190329_1554084259,RxnB_20190329,RxnB_20190329_19_xrsd_system.yml,RxnB_20190329_19_dz_bgsub.dat
212,RxnB_20190329_1554032036,RxnB_20190329,RxnB_20190329_7_xrsd_system.yml,RxnB_20190329_7_dz_bgsub.dat
213,RxnB_20190329_1554100902,RxnB_20190329,RxnB_20190329_24_xrsd_system.yml,RxnB_20190329_24_dz_bgsub.dat
214,RxnB_20190329_1554071128,RxnB_20190329,RxnB_20190329_16_xrsd_system.yml,RxnB_20190329_16_dz_bgsub.dat
215,RxnB_20190329_1554035356,RxnB_20190329,RxnB_20190329_8_xrsd_system.yml,RxnB_20190329_8_dz_bgsub.dat
216,RxnB_20190329_1554049356,RxnB_20190329,RxnB_20190329_11_xrsd_system.yml,RxnB_20190329_11_dz_bgsub.dat
217,RxnB_20190329_1554095723,RxnB_20190329,RxnB_20190329_23_xrsd_system.yml,RxnB_20190329_23_dz_bgsub.dat
218,RxnB_20190329_1554001846,RxnB_20190329,RxnB_20190329_0_xrsd_system.yml,RxnB_20190329_0_dz_bgsub.dat
219,RxnB_20190329_1554044258,RxnB_20190329,RxnB_20190329_10_xrsd_system.yml,RxnB_20190329_10_dz_bgsub.dat
220,RxnB_20190329_1554092743,RxnB_20190329,RxnB_20190329_22_xrsd_system.yml,RxnB_20190329_22_dz_bgsub.dat
221,RxnB_20190329_1554006432,RxnB_20190329,RxnB_20190329_1_xrsd_system.yml,RxnB_20190329_1_dz_bgsub.dat
222,RxnB_20190329_1554026495,RxnB_20190329,RxnB_20190329_6_xrsd_system.yml,RxnB_20190329_6_dz_bgsub.dat
223,RxnB_20190329_1554079596,RxnB_20190329,RxnB_20190329_18_xrsd_system.yml,RxnB_20190329_18_dz_bgsub.dat
224,RxnB_20190329_1554106952,RxnB_20190329,RxnB_20190329_25_xrsd_system.yml,RxnB_20190329_25_dz_bgsub.dat
225,RxnB_20190329_1554040854,RxnB_20190329,RxnB_20190329_9_xrsd_system.yml,RxnB_20190329_9_dz_bgsub.dat
226,RxnB_20190329_1554074813,RxnB_20190329,RxnB_20190329_17_xrsd_system.yml,RxnB_20190329_17_dz_bgsub.dat
227,RxnA_201902_1549442016,RxnA_201902,RxnA_201902_3_xrsd_system.yml,RxnA_201902_3_dz_bgsub.dat
228,RxnA_201902_1549444560,RxnA_201902,RxnA_201902_4_xrsd_system.yml,RxnA_201902_4_dz_bgsub.dat
229,RxnA_201902_1549445840,RxnA_201902,RxnA_201902_5_xrsd_system.yml,RxnA_201902_5_dz_bgsub.dat
230,RxnA_201902_1549440789,RxnA_201902,RxnA_201902_2_xrsd_system.yml,RxnA_201902_2_dz_bgsub.dat
231,RxnA_201902_1549452117,RxnA_201902,RxnA_201902_7_xrsd_system.yml,RxnA_201902_7_dz_bgsub.dat
232,RxnA_201902_1549453726,RxnA_201902,RxnA_201902_8_xrsd_system.yml,RxnA_201902_8_dz_bgsub.dat
233,RxnA_201902_1549435756,RxnA_201902,RxnA_201902_0_xrsd_system.yml,RxnA_201902_0_dz_bgsub.dat
234,RxnA_201902_1549438373,RxnA_201902,RxnA_201902_1_xrsd_system.yml,RxnA_201902_1_dz_bgsub.dat
235,RxnA_201902_1549447445,RxnA_201902,RxnA_201902_6_xrsd_system.yml,RxnA_201902_6_dz_bgsub.dat
236,RxnA_201902_1549457916,RxnA_201902,RxnA_201902_9_xrsd_system.yml,RxnA_201902_9_dz_bgsub.dat
237,R1_20190424_0_1556200015,R1_20190424,R1_20190424_0_xrsd_system.yml,R1_20190424_0_dz_bgsub.dat
238,R1_20190424_7_1556218812,R1_20190424,R1_20190424_7_xrsd_system.yml,R1_20190424_7_dz_bgsub.dat
239,R1_20190424_8_1556224886,R1_20190424,R1_20190424_8_xrsd_system.yml,R1_20190424_8_dz_bgsub.dat
240,R1_20190424_6_1556251607,R1_20190424,R1_20190424_6_xrsd_system.yml,R1_20190424_6_dz_bgsub.dat
241,R1_20190424_9_1556257839,R1_20190424,R1_20190424_9_xrsd_system.yml,R1_20190424_9_dz_bgsub.dat
242,R1_20190424_1_1556201300,R1_20190424,R1_20190424_1_xrsd_system.yml,R1_20190424_1_dz_bgsub.dat
243,R1_20190424_4_1556235422,R1_20190424,R1_20190424_4_xrsd_system.yml,R1_20190424_4_dz_bgsub.dat
244,R1_20190424_3_1556212891,R1_20190424,R1_20190424_3_xrsd_system.yml,R1_20190424_3_dz_bgsub.dat
245,R1_20190424_2_1556202839,R1_20190424,R1_20190424_2_xrsd_system.yml,R1_20190424_2_dz_bgsub.dat
246,R1_20190424_5_1556245572,R1_20190424,R1_20190424_5_xrsd_system.yml,R1_20190424_5_dz_bgsub.dat
247,R0_20190424_1_1556153961,R0_20190424,R0_20190424_1_xrsd_system.yml,R0_20190424_1_dz_bgsub.dat
248,R0_20190424_6_1556174466,R0_20190424,R0_20190424_6_xrsd_system.yml,R0_20190424_6_dz_bgsub.dat
249,R0_20190424_9_1556190799,R0_20190424,R0_20190424_9_xrsd_system.yml,R0_20190424_9_dz_bgsub.dat
250,R0_20190424_7_1556179937,R0_20190424,R0_20190424_7_xrsd_system.yml,R0_20190424_7_dz_bgsub.dat
251,R0_20190424_8_1556184889,R0_20190424,R0_20190424_8_xrsd_system.yml,R0_20190424_8_dz_bgsub.dat
252,R0_20190424_0_1556152439,R0_20190424,R0_20190424_0_xrsd_system.yml,R0_20190424_0_dz_bgsub.dat
253,R0_20190424_5_1556168663,R0_20190424,R0_20190424_5_xrsd_system.yml,R0_20190424_5_dz_bgsub.dat
254,R0_20190424_2_1556155545,R0_20190424,R0_20190424_2_xrsd_system.yml,R0_20190424_2_dz_bgsub.dat
255,R0_20190424_3_1556156857,R0_20190424,R0_20190424_3_xrsd_system.yml,R0_20190424_3_dz_bgsub.dat
256,R0_20190424_4_1556162906,R0_20190424,R0_20190424_4_xrsd_system.yml,R0_20190424_4_dz_bgsub.dat
257,R0_201811_1541372847,R0_201811,gridsearch22_xrsd_system.yml,gridsearch22_dz_bgsub.dat
258,R0_201811_1541309408,R0_201811,gridsearch10_xrsd_system.yml,gridsearch10_dz_bgsub.dat
259,R0_201811_1541293284,R0_201811,gridsearch4_xrsd_system.yml,gridsearch4_dz_bgsub.dat
260,R0_201811_1541282032,R0_201811,gridsearch3_xrsd_system.yml,gridsearch3_dz_bgsub.dat
261,R0_201811_1541361397,R0_201811,gridsearch17_xrsd_system.yml,gridsearch17_dz_bgsub.dat
262,R0_201811_1541451179,R0_201811,gridsearch33_xrsd_system.yml,gridsearch33_dz_bgsub.dat
263,R0_201811_1541363102,R0_201811,gridsearch18_xrsd_system.yml,gridsearch18_dz_bgsub.dat
264,R0_201811_1541382422,R0_201811,gridsearch25_xrsd_system.yml,gridsearch25_dz_bgsub.dat
265,R0_201811_1541280343,R0_201811,gridsearch2_xrsd_system.yml,gridsearch2_dz_bgsub.dat
266,R0_201811_1541359696,R0_201811,gridsearch16_xrsd_system.yml,gridsearch16_dz_bgsub.dat
267,R0_201811_1541447662,R0_201811,gridsearch32_xrsd_system.yml,gridsearch32_dz_bgsub.dat
268,R0_201811_1541364785,R0_201811,gridsearch19_xrsd_system.yml,gridsearch19_dz_bgsub.dat
269,R0_201811_1541379229,R0_201811,gridsearch24_xrsd_system.yml,gridsearch24_dz_bgsub.dat
270,R0_201811_1541376040,R0_201811,gridsearch23_xrsd_system.yml,gridsearch23_dz_bgsub.dat
271,R0_201811_1541312605,R0_201811,gridsearch11_xrsd_system.yml,gridsearch11_dz_bgsub.dat
272,R0_201811_1541294972,R0_201811,gridsearch5_xrsd_system.yml,gridsearch5_dz_bgsub.dat
273,R0_201811_1541393898,R0_201811,gridsearch30_xrsd_system.yml,gridsearch30_dz_bgsub.dat
274,R0_201811_1541320673,R0_201811,gridsearch14_xrsd_system.yml,gridsearch14_dz_bgsub.dat
275,R0_201811_1541276961,R0_201811,gridsearch0_xrsd_system.yml,gridsearch0_dz_bgsub.dat
276,R0_201811_1541444388,R0_201811,gridsearch29_xrsd_system.yml,gridsearch29_dz_bgsub.dat
277,R0_201811_1541385619,R0_201811,gridsearch26_xrsd_system.yml,gridsearch26_dz_bgsub.dat
278,R0_201811_1541303034,R0_201811,gridsearch8_xrsd_system.yml,gridsearch8_dz_bgsub.dat
279,R0_201811_1541369657,R0_201811,gridsearch21_xrsd_system.yml,gridsearch21_dz_bgsub.dat
280,R0_201811_1541299847,R0_201811,gridsearch7_xrsd_system.yml,gridsearch7_dz_bgsub.dat
281,R0_201811_1541318988,R0_201811,gridsearch13_xrsd_system.yml,gridsearch13_dz_bgsub.dat
282,R0_201811_1541306222,R0_201811,gridsearch9_xrsd_system.yml,gridsearch9_dz_bgsub.dat
283,R0_201811_1541366472,R0_201811,gridsearch20_xrsd_system.yml,gridsearch20_dz_bgsub.dat
284,R0_201811_1541296658,R0_201811,gridsearch6_xrsd_system.yml,gridsearch6_dz_bgsub.dat
285,R0_201811_1541315791,R0_201811,gridsearch12_xrsd_system.yml,gridsearch12_dz_bgsub.dat
286,R0_201811_1541397087,R0_201811,gridsearch31_xrsd_system.yml,gridsearch31_dz_bgsub.dat
287,R0_201811_1541357898,R0_201811,gridsearch15_xrsd_system.yml,gridsearch15_dz_bgsub.dat
288,R0_201811_1541278654,R0_201811,gridsearch1_xrsd_system.yml,gridsearch1_dz_bgsub.dat
289,R0_201811_1541390510,R0_201811,gridsearch28_xrsd_system.yml,gridsearch28_dz_bgsub.dat
290,R0_201811_1541388814,R0_201811,gridsearch27_xrsd_system.yml,gridsearch27_dz_bgsub.dat
291,RxnA_201903_1552019286,RxnA_201903,RxnA_201903_4_xrsd_system.yml,RxnA_201903_4_dz_bgsub.dat
292,RxnA_201903_1552051812,RxnA_201903,RxnA_201903_10_xrsd_system.yml,RxnA_201903_10_dz_bgsub.dat
293,RxnA_201903_1552011934,RxnA_201903,RxnA_201903_3_xrsd_system.yml,RxnA_201903_3_dz_bgsub.dat
294,RxnA_201903_1552055246,RxnA_201903,RxnA_201903_11_xrsd_system.yml,RxnA_201903_11_dz_bgsub.dat
295,RxnA_201903_1552009224,RxnA_201903,RxnA_201903_2_xrsd_system.yml,RxnA_201903_2_dz_bgsub.dat
296,RxnA_201903_1552022506,RxnA_201903,RxnA_201903_5_xrsd_system.yml,RxnA_201903_5_dz_bgsub.dat
297,RxnA_201903_1552062755,RxnA_201903,RxnA_201903_13_xrsd_system.yml,RxnA_201903_13_dz_bgsub.dat
298,RxnA_201903_1552000907,RxnA_201903,RxnA_201903_0_xrsd_system.yml,RxnA_201903_0_dz_bgsub.dat
299,RxnA_201903_1552035028,RxnA_201903,RxnA_201903_7_xrsd_system.yml,RxnA_201903_7_dz_bgsub.dat
300,RxnA_201903_1552041938,RxnA_201903,RxnA_201903_8_xrsd_system.yml,RxnA_201903_8_dz_bgsub.dat
301,RxnA_201903_1552030715,RxnA_201903,RxnA_201903_6_xrsd_system.yml,RxnA_201903_6_dz_bgsub.dat
302,RxnA_201903_1552044436,RxnA_201903,RxnA_201903_9_xrsd_system.yml,RxnA_201903_9_dz_bgsub.dat
303,RxnA_201903_1552060346,RxnA_201903,RxnA_201903_12_xrsd_system.yml,RxnA_201903_12_dz_bgsub.dat
304,RxnA_201903_1552003089,RxnA_201903,RxnA_201903_1_xrsd_system.yml,RxnA_201903_1_dz_bgsub.dat
305,RxnC_201903_1552306412,RxnC_201903,RxnC_201903_11_xrsd_system.yml,RxnC_201903_11_dz_bgsub.dat
306,RxnC_201903_1552297328,RxnC_201903,RxnC_201903_9_xrsd_system.yml,RxnC_201903_9_dz_bgsub.dat
307,RxnC_201903_1552285279,RxnC_201903,RxnC_201903_6_xrsd_system.yml,RxnC_201903_6_dz_bgsub.dat
308,RxnC_201903_1552259370,RxnC_201903,RxnC_201903_1_xrsd_system.yml,RxnC_201903_1_dz_bgsub.dat
309,RxnC_201903_1552257734,RxnC_201903,RxnC_201903_0_xrsd_system.yml,RxnC_201903_0_dz_bgsub.dat
310,RxnC_201903_1552304459,RxnC_201903,RxnC_201903_10_xrsd_system.yml,RxnC_201903_10_dz_bgsub.dat
311,RxnC_201903_1552295039,RxnC_201903,RxnC_201903_8_xrsd_system.yml,RxnC_201903_8_dz_bgsub.dat
312,RxnC_201903_1552286907,RxnC_201903,RxnC_201903_7_xrsd_system.yml,RxnC_201903_7_dz_bgsub.dat
313,RxnC_201903_1552266975,RxnC_201903,RxnC_201903_2_xrsd_system.yml,RxnC_201903_2_dz_bgsub.dat
314,RxnC_201903_1552324675,RxnC_201903,RxnC_201903_15_xrsd_system.yml,RxnC_201903_15_dz_bgsub.dat
315,RxnC_201903_1552314320,RxnC_201903,RxnC_201903_12_xrsd_system.yml,RxnC_201903_12_dz_bgsub.dat
316,RxnC_201903_1552278298,RxnC_201903,RxnC_201903_5_xrsd_system.yml,RxnC_201903_5_dz_bgsub.dat
317,RxnC_201903_1552315950,RxnC_201903,RxnC_201903_13_xrsd_system.yml,RxnC_201903_13_dz_bgsub.dat
318,RxnC_201903_1552276212,RxnC_201903,RxnC_201903_4_xrsd_system.yml,RxnC_201903_4_dz_bgsub.dat
319,RxnC_201903_1552268627,RxnC_201903,RxnC_201903_3_xrsd_system.yml,RxnC_201903_3_dz_bgsub.dat
320,RxnC_201903_1552322747,RxnC_201903,RxnC_201903_14_xrsd_system.yml,RxnC_201903_14_dz_bgsub.dat
321,R2_201811_1541580573,R2_201811,randomized_goalB18_xrsd_system.yml,randomized_goalB18_dz_bgsub.dat
322,R2_201811_1541578866,R2_201811,randomized_goalB17_xrsd_system.yml,randomized_goalB17_dz_bgsub.dat
323,R2_201811_1541551406,R2_201811,randomized_goalB1_xrsd_system.yml,randomized_goalB1_dz_bgsub.dat
324,R2_201811_1541560001,R2_201811,randomized_goalB6_xrsd_system.yml,randomized_goalB6_dz_bgsub.dat
325,R2_201811_1541566840,R2_201811,randomized_goalB10_xrsd_system.yml,randomized_goalB10_dz_bgsub.dat
326,R2_201811_1541565127,R2_201811,randomized_goalB9_xrsd_system.yml,randomized_goalB9_dz_bgsub.dat
327,R2_201811_1541561694,R2_201811,randomized_goalB7_xrsd_system.yml,randomized_goalB7_dz_bgsub.dat
328,R2_201811_1541568535,R2_201811,randomized_goalB11_xrsd_system.yml,randomized_goalB11_dz_bgsub.dat
329,R2_201811_1541563439,R2_201811,randomized_goalB8_xrsd_system.yml,randomized_goalB8_dz_bgsub.dat
330,R2_201811_1541582259,R2_201811,randomized_goalB19_xrsd_system.yml,randomized_goalB19_dz_bgsub.dat
331,R2_201811_1541577178,R2_201811,randomized_goalB16_xrsd_system.yml,randomized_goalB16_dz_bgsub.dat
332,R2_201811_1541549714,R2_201811,randomized_goalB0_xrsd_system.yml,randomized_goalB0_dz_bgsub.dat
333,R2_201811_1541571996,R2_201811,randomized_goalB13_xrsd_system.yml,randomized_goalB13_dz_bgsub.dat
334,R2_201811_1541558289,R2_201811,randomized_goalB5_xrsd_system.yml,randomized_goalB5_dz_bgsub.dat
335,R2_201811_1541553160,R2_201811,randomized_goalB2_xrsd_system.yml,randomized_goalB2_dz_bgsub.dat
336,R2_201811_1541573772,R2_201811,randomized_goalB14_xrsd_system.yml,randomized_goalB14_dz_bgsub.dat
337,R2_201811_1541554846,R2_201811,randomized_goalB3_xrsd_system.yml,randomized_goalB3_dz_bgsub.dat
338,R2_201811_1541575468,R2_201811,randomized_goalB15_xrsd_system.yml,randomized_goalB15_dz_bgsub.dat
339,R2_201811_1541570304,R2_201811,randomized_goalB12_xrsd_system.yml,randomized_goalB12_dz_bgsub.dat
340,R2_201811_1541556601,R2_201811,randomized_goalB4_xrsd_system.yml,randomized_goalB4_dz_bgsub.dat
341,RxnC_201902_1549596806,RxnC_201902,RxnC_201902_1_xrsd_system.yml,RxnC_201902_1_dz_bgsub.dat
342,RxnC_201902_1549628504,RxnC_201902,RxnC_201902_6_xrsd_system.yml,RxnC_201902_6_dz_bgsub.dat
343,RxnC_201902_1549595639,RxnC_201902,RxnC_201902_0_xrsd_system.yml,RxnC_201902_0_dz_bgsub.dat
344,RxnC_201902_1549626099,RxnC_201902,RxnC_201902_5_xrsd_system.yml,RxnC_201902_5_dz_bgsub.dat
345,RxnC_201902_1549620357,RxnC_201902,RxnC_201902_2_xrsd_system.yml,RxnC_201902_2_dz_bgsub.dat
346,RxnC_201902_1549622321,RxnC_201902,RxnC_201902_3_xrsd_system.yml,RxnC_201902_3_dz_bgsub.dat
347,RxnC_201902_1549624936,RxnC_201902,RxnC_201902_4_xrsd_system.yml,RxnC_201902_4_dz_bgsub.dat
